Mean RR (ms),STD RR/SDNN (ms),Mean HR (Kubios' style) (beats/min),Mean HR (beats/min),STD HR (beats/min),Min HR (beats/min),Max HR (beats/min),RMSSD (ms),NNxx,pNNxx (%),HRV_LF,HRV_HF,HRV_LFHF,LL.COEF,AREA
1.444537289804064,1.2192071513301184,-2.2041801172508535,-1.8744867909332201,-0.13087379641873745,-0.661351362627952,0.31740258340180577,1.1491635100928606,-1.671598632552275,-0.9319998107688207,1.686766168621626,0.7321660153008765,0.63457103051149,-0.6533851907913796,-0.12436561177050785
0.15801660609327023,0.2314088850651299,0.034595180885759164,0.06973848234250686,0.8966697394258122,0.5129784905334333,0.7529377632239871,0.258749677188694,0.10406127585703699,0.35810561639114413,0.10108107015412868,0.4692356341870325,0.5300833260522047,0.5180349555592674,0.9017802776690552
Cannot Reject NULL HYP,Cannot Reject NULL HYP,Can Reject NULL HYP: OK,Cannot Reject NULL HYP,Cannot Reject NULL HYP,Cannot Reject NULL HYP,Cannot Reject NULL HYP,Cannot Reject NULL HYP,Cannot Reject NULL HYP,Cannot Reject NULL HYP,Cannot Reject NULL HYP,Cannot Reject NULL HYP,Cannot Reject NULL HYP,Cannot Reject NULL HYP,Cannot Reject NULL HYP
